Cid,CName,CAddress,CEmail,CPhoneNum
100,"Seymour Tumulty","9 Nobel Center",stumulty7v@t-online.de,7941597679
108,"Ysabel Badgers","6227 Sycamore Way",ybadgers8q@1und1.de,3299149281
110,"Aleksandr Edgars","53020 Katie Crossing",aedgarsbq@home.pl,8151483177
114,"Rois Reeder","866 Nevada Center",rreederv@geocities.com,2773447166
118,"Kalle Durtnall","2 Coolidge Terrace",kdurtnall6t@soup.io,3504359389
121,"Ellie Harrowell","271 Arkansas Place",eharrowell4r@mozilla.com,9658947490
122,"Jewell Edgeley","50 Mandrake Place",jedgeley20@cnn.com,9255123414
124,"Beth Cavie","365 Katie Road",bcavie22@nbcnews.com,7884000697
126,"Dacie Hopkyns","874 Jay Street",dhopkyns1n@tripadvisor.com,7313107423
127,"Berry Rochelle","634 Pepper Wood Terrace",brochelle5b@imgur.com,1733282514
128,"Isis Ianilli","3403 Raven Hill",iianilli19@ibm.com,8022121634
131,"Cristabel Pauluzzi","8400 Miller Plaza",cpauluzzic2@posterous.com,7273219945
132,"Hilarius Chapple","916 Ronald Regan Trail",hchapple45@salon.com,8852282121
133,"Benjamin Fetherstan","9 Dawn Crossing",bfetherstanba@macromedia.com,4181641648
135,"Noelani Boskell","06 Dakota Plaza",nboskell5k@tmall.com,9918069040
144,"Evelin Masterson","5 Thompson Way",emastersonb8@illinois.edu,6053626759
147,"Ellwood Bountiff","4296 1st Pass",ebountiff3f@alexa.com,3077080616
149,"Gram Breacher","8698 Colorado Terrace",gbreacher1a@springer.com,1825881533
150,"Merl Fancott","92 Northport Plaza",mfancott2i@pcworld.com,7698763913
152,"Lawton Poulsen","8 Schlimgen Circle",lpoulsen8i@wp.com,6683085268
153,"Katalin Grinnikov","82 Eagle Crest Road",kgrinnikov4v@wufoo.com,4919502915
156,"Ahmad Duer","21 Brown Park",aduerdu@ucla.edu,9472262458
160,"Joya Keelan","7892 Summer Ridge Plaza",jkeelan4j@qq.com,1551929766
161,"Ainslie Salvatore","57 Randy Avenue",asalvatore8d@yandex.ru,8903086496
163,"Tanhya Atter","1 Debs Court",tatterdl@geocities.jp,4331376000
167,"Chloe Cancellieri","046 Oriole Crossing",ccancellieri32@patch.com,9337718146
173,"Wenona Scarf","7738 Mandrake Alley",wscarf47@mtv.com,6781811396
176,"Goldina Rafferty","70 Larry Center",grafferty2u@blogs.com,7712642316
180,"Malchy Andrysek","92017 Haas Alley",mandrysekw@reuters.com,1074664947
186,"Celine Harm","2 Sutherland Drive",charm3@furl.net,4695844092
190,"Toni Miguet","1668 Grover Hill",tmiguet12@marriott.com,1064988151
191,"Stearne Correa","18 Victoria Park",scorreack@cnn.com,9565806982
192,"Koressa Gyver","06 Butternut Court",kgyvera6@marriott.com,6068242231
194,"Demetra Moynihan","2 Northwestern Circle",dmoynihan7m@scientificamerican.com,5365384099
196,"Jehu Creser","72 Everett Trail",jcreser9b@unc.edu,8021016399
200,"Alix Sturman","339 Ridgeview Trail",asturman64@blog.com,6058962272
201,"Armstrong Smallpeace","31 Lake View Court",asmallpeace1v@ezinearticles.com,7954349441
202,"Caresse Sever","71277 Barby Park",cseverdg@jiathis.com,9211681469
203,"Grantley Gudgin","825 Mandrake Trail",ggudgin44@mac.com,1717644945
204,"Kenna Caustick","17 Gerald Way",kcaustick3l@qq.com,6174323679
205,"Claudia Garlicke","9 Evergreen Point",cgarlickede@edublogs.org,4822890732
206,"Walliw Garnsworth","327 Heath Hill",wgarnsworthcm@columbia.edu,3422534883
207,"Cassaundra Ebbs","41307 Havey Trail",cebbs2r@last.fm,2662230365
208,"Dannel Fere","33966 Hauk Junction",dfere6s@booking.com,7323970530
210,"Neal Oboy","78 Roth Drive",noboy4w@wunderground.com,2541364114
212,"Luca Twyning","62550 Cottonwood Hill",ltwyning1h@cafepress.com,3186039899
213,"Caterina Menis","0 Corscot Parkway",cmenisc0@theguardian.com,1518669148
215,"Hortensia Dreamer","945 Hayes Trail",hdreamer88@squidoo.com,1938103034
218,"Kalindi Monckton","4 Dunning Point",kmonckton49@noaa.gov,6774126656
221,"Vivianne Wheelan","24 Becker Junction",vwheeland0@noaa.gov,7313277949
222,"Godfree Claughton","804 Pearson Way",gclaughtonc5@live.com,1758228941
225,"Sandy Gratrix","9 Birchwood Terrace",sgratrix5e@usda.gov,4593229293
226,"Anthe Beaves","0 Waxwing Drive",abeaves5l@chronoengine.com,2045872851
229,"Byran Compfort","567 Redwing Plaza",bcompfort6l@macromedia.com,9292374786
233,"Belvia Rubinsohn","128 Quincy Plaza",brubinsohnaw@miibeian.gov.cn,1457727192
237,"Keefer Cloughton","2851 Thierer Alley",kcloughtoncv@businessinsider.com,2416106603
238,"Ambrosius Elston","38459 Thackeray Way",aelston5u@simplemachines.org,3599929091
241,"Filberte Masic","2 Bunker Hill Place",fmasic1y@wired.com,7966254866
242,"Gaynor Daenen","3421 1st Center",gdaenenaa@sciencedaily.com,8751201089
244,"Adi Leathe","152 Reinke Drive",aleathe2s@themeforest.net,8622607122
249,"Tish O'Currine","216 Debra Parkway",tocurrine7q@nymag.com,8294696072
250,"Orland Silverston","620 Mifflin Place",osilverston1@wsj.com,1561375025
251,"Hortense Fosbraey","49 Farragut Junction",hfosbraey8n@scribd.com,5303947615
259,"Vaughn Le Friec","68622 David Center",vle8f@cyberchimps.com,2818012389
261,"Renelle Garrit","43 Lakeland Terrace",rgarrit99@ca.gov,3967876197
262,"Olav Spinozzi","6190 Aberg Place",ospinozzi2o@ted.com,7602434933
264,"Abie McElory","6 Kensington Park",amcelory8a@ovh.net,9466184202
270,"Courtnay Todd","4 Cardinal Park",ctodda1@chronoengine.com,6282314210
272,"Janene Ludovico","141 Thierer Drive",jludovico8@wikimedia.org,3399545755
279,"Sansone Franses","59753 Sheridan Pass",sfranses8p@sina.com.cn,1994346292
281,"Kasey Keepin","53171 Debs Circle",kkeepin8o@reuters.com,3678985901
282,"Pearla Balharry","3038 Ronald Regan Terrace",pbalharryd5@fda.gov,7885866512
284,"Anastassia Riep","452 Clyde Gallagher Hill",ariep9s@wikispaces.com,9056939389
291,"Marius Bortolazzi","8330 Glendale Plaza",mbortolazzi2a@flavors.me,9024626958
292,"Karel Silberschatz","06 Iowa Court",ksilberschatz9d@arstechnica.com,5133691868
293,"Sonja Hixley","3260 Petterle Avenue",shixley57@google.co.uk,1818403347
294,"Ethelred Fiddy","549 Corscot Center",efiddybd@admin.ch,3749368323
295,"Verna Kochlin","286 Fordem Lane",vkochlincn@dedecms.com,5251089681
297,"Terri Pilch","41347 Jenna Center",tpilch6z@va.gov,7017604679
298,"Gay Maciak","6 Kinsman Center",gmaciakb0@t-online.de,5857266887
301,"Misti Featherstone","019 Stang Drive",mfeatherstone3p@macromedia.com,8223321368
305,"Fredrick Alcalde","5543 Oneill Court",falcalde9o@icq.com,4788238496
307,"Early Sackett","39 Schmedeman Center",esackett9l@a8.net,2026276885
308,"Enid Shurmer","86 Sugar Street",eshurmer1i@google.co.uk,7152710290
310,"Ervin Spandley","027 Montana Alley",espandley39@umn.edu,3699797760
311,"Sumner Jerdan","6 Kropf Terrace",sjerdanb9@skype.com,7557996336
312,"Leelah MacCard","724 Mariners Cove Park",lmaccardat@simplemachines.org,9467628313
313,"Rochette Ronci","8399 Maywood Terrace",rroncif@pcworld.com,2221589165
314,"Chico Povah","776 Kipling Avenue",cpovah3c@over-blog.com,9855035016
318,"Nanette Aindrais","9631 Heffernan Lane",naindrais7e@hibu.com,5964320519
322,"Paddy Snepp","48272 Hanover Parkway",psnepp83@ftc.gov,9081540577
323,"Rebbecca Searjeant","137 Oriole Terrace",rsearjeantb2@smugmug.com,9646939288
328,"Skippy Bentote","1 Holmberg Point",sbentote5r@tamu.edu,9975931426
330,"Kayle Else","702 Nevada Junction",kelseca@friendfeed.com,2503443708
331,"Stacy Duell","67 Elmside Way",sduellb6@theguardian.com,3978988084
334,"Martainn Cleminson","32 Sachtjen Pass",mcleminson6h@usatoday.com,9074699643
335,"Wainwright Snodden","745 Westridge Pass",wsnodden48@marketwatch.com,4175945274
336,"Paige Hartzenberg","73 Service Crossing",phartzenberg85@taobao.com,4855835361
337,"Merridie Dikles","0434 Golf Avenue",mdiklesd@twitter.com,9097043934
338,"Lorenzo Wakeman","288 Warbler Plaza",lwakeman9r@oracle.com,4849954849
339,"Emilee Coulton","0 Nancy Lane",ecoulton56@latimes.com,8234621014
341,"Friedrick Pooly","53740 Bonner Way",fpoolycx@yahoo.co.jp,8537904795
344,"Vonni Pimmocke","675 Veith Parkway",vpimmockeb1@biblegateway.com,8615768213
345,"Alleyn Swedeland","03535 Florence Alley",aswedelanday@prweb.com,4398299034
347,"Marlene Surguine","10391 Talisman Drive",msurguinecg@imgur.com,3808714300
349,"Mariette Digginson","44 Mendota Road",mdigginson7s@squarespace.com,5752319747
352,"Bonita Caswill","6 Montana Point",bcaswill6i@cam.ac.uk,8399688100
354,"Ann Innerstone","5292 Caliangt Alley",ainnerstone2w@miitbeian.gov.cn,2652312195
355,"Brit Gwinnel","80110 Riverside Point",bgwinneldh@ebay.com,7473462939
356,"Mehetabel Pashan","3432 Badeau Parkway",mpashan1g@github.com,5031541909
357,"Lolita Goves","4 Brown Pass",lgoves3o@youku.com,8892237046
359,"Toinette Standfield","034 Merry Hill",tstandfield4n@google.ca,7588277552
360,"Basilius Scandrett","3 Loeprich Way",bscandrettbl@amazon.co.jp,2764531950
362,"Dasi Stading","1391 Fisk Point",dstading8g@mac.com,4432308770
364,"Rafael Crother","8 Nancy Hill",rcrother7u@hp.com,2445000943
368,"Humfrey Derington","013 Cambridge Junction",hderington9i@csmonitor.com,9785717911
371,"Charyl Letixier","075 Main Junction",cletixiera8@bloglovin.com,9503841549
373,"Flory Brunsdon","0046 Mitchell Lane",fbrunsdon7n@diigo.com,6531838348
375,"Andres Binnell","71 Melvin Parkway",abinnell7r@blogspot.com,8112711253
376,"Frank Matelyunas","2 Amoth Park",fmatelyunase@mapy.cz,2127462490
378,"Alina Teresia","2442 Dixon Pass",ateresiar@plala.or.jp,4082573316
381,"Ursulina Haylands","44212 Scofield Park",uhaylandsbh@cpanel.net,8117830591
385,"Frayda Simondson","58 Pierstorff Alley",fsimondson2h@sciencedaily.com,6766330373
387,"Ambrosius Greenaway","76129 Nelson Circle",agreenaway10@sourceforge.net,6821367275
388,"Garrett Askaw","9689 Fordem Street",gaskawm@taobao.com,7593246513
391,"Megen Shrubsall","671 Amoth Trail",mshrubsallbo@amazon.com,6148229110
395,"Colet Carslaw","47 Utah Way",ccarslaw6f@dailymail.co.uk,9208856153
396,"Vita Corson","946 Delaware Parkway",vcorson1d@tinypic.com,8447012565
397,"Christabel Kindley","8620 Chive Junction",ckindley2l@prlog.org,1836062323
398,"Leighton Triplett","07912 John Wall Crossing",ltriplettcp@mapquest.com,1644190211
399,"Constantino Mascall","27318 Carberry Pass",cmascallce@google.ru,8514107260
400,"Henrietta Piatkowski","763 Commercial Parkway",hpiatkowski4y@dyndns.org,8016482039
402,"Grete Gerlack","71 Granby Place",ggerlack6d@jigsy.com,9497941641
405,"Dex Mockes","088 Kipling Pass",dmockes16@liveinternet.ru,4409183789
410,"Grete Falloon","890 Esch Court",gfalloon5z@google.fr,9096470918
411,"Ellissa Duny","0 7th Court",eduny2q@bloglines.com,7585462408
416,"Cherise Edwards","156 Manitowish Point",cedwards1t@51.la,3438488690
420,"Mozelle Wooding","38 Cody Parkway",mwoodingcl@ovh.net,3642730752
422,"Demetris Brosnan","524 Spohn Street",dbrosnanaf@ebay.com,5852928977
424,"Malvin Lark","4924 Basil Point",mlark24@ca.gov,6483033931
427,"Ferdinanda Ramm","16 Prairieview Park",frammh@mit.edu,1155480571
428,"Thor Sams","89 Del Mar Court",tsamsbr@walmart.com,3978949651
432,"Ceil Paulillo","7383 Straubel Circle",cpaulilloah@51.la,2024192002
434,"Nicki Meneely","4551 Cottonwood Crossing",nmeneely9k@dyndns.org,7548303724
435,"Deck Ivory","21081 Ludington Place",divoryc6@pagesperso-orange.fr,9951123212
436,"Ann Beeton","20 Heffernan Street",abeeton58@sakura.ne.jp,5091982582
437,"Pooh Gilstoun","53534 Manley Crossing",pgilstoun1q@sourceforge.net,9727847719
439,"Adelbert Devanny","66 Hazelcrest Pass",adevanny3d@zimbio.com,1145576466
440,"Selle Cambden","779 Mayfield Trail",scambden9x@liveinternet.ru,1492069800
441,"Reube Reeken","114 South Circle",rreeken9@admin.ch,1334371056
443,"Franni Vitall","47774 Anthes Place",fvitalldf@telegraph.co.uk,7313211836
448,"Winny Reichardt","319 Novick Trail",wreichardta0@google.es,9102290452
451,"Zollie Franzke","0 Westend Place",zfranzke23@prlog.org,5124072753
457,"Jerrome Pym","1509 Gerald Alley",jpyma7@vkontakte.ru,2308174670
460,"Conrade Carlyle","1254 Browning Terrace",ccarlyle17@slashdot.org,2976219933
462,"Jarid Gaskin","30660 Melrose Lane",jgaskinag@gravatar.com,1622118245
465,"Kellyann Daspar","1 Crowley Point",kdaspar8m@mac.com,5691037758
467,"Helena Goullee","5721 Nova Point",hgoullee1w@usgs.gov,5078128645
469,"Olly Burness","8041 Sherman Road",oburness4t@abc.net.au,1283638226
470,"Bondie Ilyas","36 Marquette Place",bilyasbp@bing.com,2225886210
471,"Francklin Perrett","26014 Hallows Way",fperrett3q@va.gov,7613906205
472,"Franciskus Twitchings","673 Rutledge Way",ftwitchings97@smugmug.com,1194271780
476,"Yvette Torel","3951 Crest Line Way",ytorelz@thetimes.co.uk,2353653527
477,"Felicle Mowett","63 Melrose Plaza",fmowettaj@squarespace.com,8175682477
479,"Devondra Kahane","26459 Eastlawn Center",dkahane6w@statcounter.com,4751576547
481,"Ashleigh Gregoli","999 Oak Place",agregoli4i@nytimes.com,1023501086
483,"Adolf Feavearyear","05 Pierstorff Place",afeavearyear1m@meetup.com,5119485054
484,"Tatiana Mixhel","7 Mallory Place",tmixhel84@vinaora.com,8071662203
488,"Nikolas Ipsley","84 Sullivan Plaza",nipsley2@delicious.com,6453740336
489,"Cornall Flannery","3198 Lerdahl Parkway",cflannerya@cpanel.net,4448893479
493,"Lionello Connett","249 Hovde Plaza",lconnett52@joomla.org,2202730752
494,"Nathanial Giovannini","9 Old Shore Crossing",ngiovannini3e@livejournal.com,3742499819
495,"Tedd Dorracott","164 Boyd Terrace",tdorracott2n@instagram.com,8801916293
496,"Erl Cogger","539 Monica Place",ecogger3s@sakura.ne.jp,4806283667
499,"Renata Askam","2785 Trailsway Hill",raskam5h@gov.uk,5575673143
501,"Gregor Rollinshaw","388 Ramsey Point",grollinshawbu@lulu.com,2483597924
507,"Cecily Trahearn","7 Morningstar Place",ctrahearnbg@pcworld.com,3974357929
509,"Mattias Coyte","477 Elmside Center",mcoyte3i@squidoo.com,1804014331
510,"Lewiss Gerbi","86 Morningstar Trail",lgerbidc@soup.io,2082720301
512,"Igor Spellessy","44045 Memorial Place",ispellessyi@amazon.com,9297970066
513,"Juieta Ottawell","2435 Amoth Street",jottawell7d@linkedin.com,2929241172
514,"Beverie Nealand","3 Rockefeller Pass",bnealandcy@arstechnica.com,5416350809
515,"Mandel Glanz","7867 Buhler Alley",mglanz4g@blinklist.com,5864053928
519,"Rafa Floodgate","296 Lukken Road",rfloodgate43@yolasite.com,6836701538
520,"Aguste Slocket","55776 Warbler Terrace",aslocketdt@ow.ly,6341020606
521,"Deirdre Bellanger","89932 Miller Parkway",dbellanger3m@msn.com,6341652442
526,"Rana Spandley","5 Elgar Parkway",rspandley3k@sciencedaily.com,2131298112
527,"Penny Kitteringham","4 Susan Court",pkitteringham5@washington.edu,9579575832
528,"Maximilien Santorini","4 Esch Hill",msantorini5n@wsj.com,3177747806
530,"Harmony Delves","3 Summit Terrace",hdelves5o@bandcamp.com,5584897089
533,"Cary Kobpa","0 Buell Lane",ckobpa66@eventbrite.com,8696586356
534,"Pavla Wem","022 Bellgrove Plaza",pwemo@alexa.com,6083268356
535,"Kerry Blackley","87 Farmco Place",kblackleycf@yellowbook.com,7963800455
536,"Benoite Rubinovitch","51990 Delaware Avenue",brubinovitch1j@unesco.org,7691289788
541,"Elias Mangeney","4414 Washington Trail",emangeneyc9@posterous.com,3537319927
543,"Vittoria Marland","348 Hovde Drive",vmarland8r@twitter.com,1706825149
550,"Peterus Gartsyde","34755 Norway Maple Parkway",pgartsyde6c@woothemes.com,6614637636
551,"Stanwood Ide","003 Tennyson Park",sidean@forbes.com,9324798908
553,"Bridget Huske","270 Londonderry Lane",bhuskect@xing.com,4486628758
558,"Cheri Master","94533 Prairieview Plaza",cmaster4p@pbs.org,4706481513
561,"Mathilda Docharty","56 Scott Junction",mdocharty4c@wikia.com,5894561426
562,"Di Wasielewski","4 Pepper Wood Plaza",dwasielewski1k@w3.org,3482942663
566,"Cordula Coot","1849 Green Point",ccoot5p@un.org,7569359897
567,"Joeann Snare","408 5th Lane",jsnare68@hao123.com,3936480614
569,"Benedict Von Welden","13 Bunker Hill Center",bvon28@uol.com.br,7942915484
574,"Caldwell Pryer","4250 Sutteridge Drive",cpryer4z@addtoany.com,9213763479
577,"Laurie Poynor","3583 4th Circle",lpoynorad@wix.com,4246296325
581,"Ferdie Surman","979 Kings Road",fsurman7c@pen.io,6877235665
583,"Kailey Orteau","66 Sutherland Point",korteau38@engadget.com,3123458164
584,"Ardyth Tirkin","9 Stone Corner Alley",atirkin6y@wikimedia.org,4019815019
588,"Mahmud Duinbleton","844 Barnett Circle",mduinbleton9t@amazon.co.uk,1416562724
593,"Rollins Bernasek","1 Carey Plaza",rbernasek36@addthis.com,4749937824
595,"Roz Fenna","76 Delaware Circle",rfenna2y@google.com.hk,4287900891
596,"Marjorie Dilke","90 Blackbird Street",mdilkec3@epa.gov,9843072614
597,"Bernadina Stitwell","725 Arizona Trail",bstitwelln@paypal.com,6468059305
598,"Celestine Stoneley","70599 Morning Parkway",cstoneley98@ustream.tv,7372544129
602,"Wyn Bronger","96 Main Avenue",wbronger29@washington.edu,3214162061
604,"Mayor Beneteau","045 Manufacturers Parkway",mbeneteau63@wordpress.org,6601128395
606,"Burt Ternott","411 Mayer Trail",bternott5c@sbwire.com,3243336686
608,"Dee McEwen","809 Killdeer Trail",dmcewen6u@webeden.co.uk,1485650682
610,"Ellary Cornehl","49 Eggendart Park",ecornehl7@theatlantic.com,7207412467
611,"Margarette Greenough","17617 Fulton Lane",mgreenough4k@hhs.gov,4108763346
615,"Addie Daintrey","878 Armistice Point",adaintreyau@telegraph.co.uk,8462283192
619,"Sauncho Tearney","5252 North Alley",stearney9f@comcast.net,6105135654
620,"Guy Asprey","79188 Barnett Terrace",gasprey21@livejournal.com,7926082046
623,"Paolo Croal","4 Warner Park",pcroal35@rakuten.co.jp,5813151763
633,"Catlaina Flewan","9 Hagan Circle",cflewan3h@photobucket.com,5149347155
634,"Ronnie Graber","0511 Heath Crossing",rgraber7z@tuttocitta.it,8081007938
638,"Enrico Concklin","10 Jenna Trail",econcklin6b@spotify.com,1249376202
639,"Donelle Kremer","67 Spenser Road",dkremer1z@elegantthemes.com,1603007184
645,"Steven Aberdein","20 Monument Center",saberdein2d@nifty.com,7196983064
647,"Kipp Erbain","18280 Roxbury Lane",kerbain4s@com.com,2008918150
653,"Leif Clapshaw","4586 Colorado Drive",lclapshaw1f@ca.gov,8313517207
656,"Virginie Gonning","25310 Hintze Drive",vgonningd2@soundcloud.com,7274230882
658,"Stormi Crinkley","62428 4th Center",scrinkley9y@umich.edu,5923168564
659,"Ynes Peasby","98917 Park Meadow Court",ypeasbydi@sitemeter.com,2368020687
660,"Adam Gypson","81 Chive Pass",agypsonae@chicagotribune.com,6375322255
662,"Nancy Cromblehome","169 Dayton Point",ncromblehome2c@scribd.com,3746218789
664,"Steffie Louthe","5 Browning Pass",slouthe8y@merriam-webster.com,6162768541
666,"Terra Shimoni","1582 Hanson Way",tshimoni6@mail.ru,2144142553
667,"Lynna Curran","8 Monterey Drive",lcurranc@github.com,4183310991
670,"Susi Disdel","84444 Anniversary Terrace",sdisdel2z@lycos.com,5454239792
671,"Leland Melledy","355 Clyde Gallagher Road",lmelledycc@oaic.gov.au,9135366848
672,"Rabbi Aggio","42557 Sachs Circle",raggio1u@themeforest.net,4951824287
674,"Jason Bradtke","3 Cody Place",jbradtke67@printfriendly.com,3191191350
675,"Dianemarie Goodlud","588 Fallview Crossing",dgoodludbn@delicious.com,8605429117
678,"Boniface Botfield","587 Di Loreto Trail",bbotfield8s@ibm.com,3495712886
679,"Danell Crosse","125 Eagan Center",dcrossear@cdbaby.com,8577323329
680,"Jacquelyn Purkis","083 Farragut Alley",jpurkis13@time.com,1881746444
682,"Jervis Guilloton","683 Pierstorff Way",jguilloton5g@irs.gov,5748602133
694,"Amil Toll","621 Summerview Road",atoll7p@globo.com,8358183071
698,"Dorena Hoble","5 Surrey Crossing",dhoble0@bbb.org,2148492382
699,"Tabby Wiffen","185 Sullivan Alley",twiffena3@unblog.fr,1271219927
701,"Wally Shawe","2155 Starling Center",wshawe8e@uiuc.edu,8088204449
702,"Ricky Cardoso","2 Mandrake Hill",rcardoso46@amazon.co.uk,2834644172
703,"Cornela Taillant","59 Lunder Circle",ctaillant1o@bloglines.com,3779040601
705,"Kora Mulbry","0 Gateway Center",kmulbry5a@mapquest.com,9247205433
707,"Flore Greening","24649 Ronald Regan Trail",fgreening6v@goodreads.com,8784266164
709,"Beverlee Fabri","189 Ludington Parkway",bfabridk@parallels.com,7157233614
713,"Susie Hablet","8 Warbler Crossing",shabletb5@sourceforge.net,7209365744
720,"Shaylah Cuerdale","48 Crowley Point",scuerdale69@eepurl.com,7339668913
721,"Bronson Arnauduc","6075 Bartillon Pass",barnauduc5w@wix.com,7814414644
722,"Jehanna Tunniclisse","7 Spaight Lane",jtunniclisse72@icio.us,7677015300
724,"Harmonie Gofford","164 Division Alley",hgofford3n@yahoo.com,1134164772
725,"Yuma Alessandrucci","9 Dryden Place",yalessandrucci4h@hibu.com,6591765040
726,"Trumaine Coney","56337 Fremont Hill",tconeyc8@umn.edu,7279021879
727,"Jemmy Beddow","94070 Bowman Court",jbeddow34@rakuten.co.jp,8869890231
738,"Preston McGaugan","3707 Dorton Hill",pmcgaugan2x@hp.com,1406799482
740,"Les Fink","2734 Lawn Circle",lfink6k@de.vu,7845956354
741,"Felix Cressor","22691 Redwing Court",fcressordp@mlb.com,7424556759
744,"Maryrose Scala","9840 Mitchell Lane",mscalaa4@godaddy.com,5358655894
747,"Bendicty Dincke","5 Tomscot Drive",bdinckeai@cmu.edu,5063185225
748,"Annissa Camillo","5729 Schlimgen Center",acamillo5q@usda.gov,5429129815
756,"Garald Robbie","1487 Nelson Court",grobbie6m@weebly.com,1287033617
757,"Leah Filyukov","2584 Vahlen Terrace",lfilyukov7o@homestead.com,1321801999
759,"Ealasaid Tibbotts","07562 Gulseth Avenue",etibbottsap@aol.com,6985112378
762,"Magnum Jobke","9 Quincy Way",mjobkecq@de.vu,9226081940
764,"Gun Prose","539 Sugar Drive",gprose25@cbsnews.com,1144533752
765,"Nickie Austen","36604 Arapahoe Lane",naustenj@cyberchimps.com,5581695574
766,"Chuck Horder","1936 Spohn Lane",chorder1p@google.co.uk,9044379317
767,"Helen-elizabeth Leonarde","32827 Kensington Street",hleonarde6o@cocolog-nifty.com,2811865263
768,"Lorettalorna Ridde","9479 Utah Place",lridde3t@jiathis.com,8138226363
769,"Marcille Kiefer","861 Shelley Circle",mkieferl@360.cn,3748988343
771,"Marco Waring","2373 Fairfield Pass",mwaring1r@wp.com,5165999684
772,"Cinnamon Rotham","5165 Elmside Avenue",crotham5d@cyberchimps.com,4319346415
775,"Garvey Aleso","90748 Hooker Center",galeso7x@jiathis.com,8208209890
778,"Erskine Tallis","32666 Sage Park",etalliscb@wikipedia.org,8485701502
779,"Magdalena Tuberfield","3 Old Gate Hill",mtuberfield2t@prnewswire.com,3649756927
780,"Chiquia Heitz","1825 4th Parkway",cheitz51@istockphoto.com,3464598427
784,"Edvard Leythley","551 Elgar Trail",eleythley5i@zimbio.com,1725485837
795,"Danni Head","015 Melvin Drive",dhead6j@arizona.edu,4286718732
798,"Garey Oakwood","4 Wayridge Park",goakwood7l@posterous.com,1094515026
802,"Hillary MacDuff","294 Hooker Crossing",hmacduffam@homestead.com,2972564944
804,"Patricia Roylance","82690 Nevada Lane",proylancebi@engadget.com,3074745169
805,"Karrie Lapham","546 Wayridge Pass",klapham2m@kickstarter.com,5415514371
806,"Tamas Scarce","409 Fallview Terrace",tscarce11@berkeley.edu,6386545723
808,"Issie Pepper","5168 Portage Road",ipepper4u@globo.com,9491593323
809,"Heidi Balnave","39812 Aberg Plaza",hbalnavecs@marketwatch.com,8212806989
811,"Dell Bavester","2869 Monterey Court",dbavester6e@stanford.edu,2692815492
812,"Gustave Peeke-Vout","51230 Rockefeller Pass",gpeekevout1l@wikia.com,8394541546
813,"Finlay Adcock","8 Michigan Point",fadcock15@livejournal.com,2674225927
814,"Dani Roycroft","99814 Nancy Court",droycroft61@wired.com,9459153339
819,"Conn Snowding","049 Harbort Park",csnowding4e@ifeng.com,5401183263
820,"Emylee Collens","31 Darwin Lane",ecollens5t@jigsy.com,5111797908
821,"Ebonee Govett","365 Pond Parkway",egovettx@bloglovin.com,8067946214
822,"Ruby Ghidini","22905 Oxford Circle",rghidinibz@vinaora.com,4477639742
823,"Fons Earley","2 Victoria Place",fearley4f@sogou.com,8958626106
824,"Chadwick Jezard","3122 Quincy Park",cjezard6g@tripod.com,6357048570
829,"Mignon Breewood","594 Mcbride Center",mbreewood7g@dropbox.com,5932383090
830,"Larissa Renvoise","90714 Warrior Lane",lrenvoise8w@amazonaws.com,7882824248
832,"Lydie Kovnot","16577 Crownhardt Circle",lkovnot4@earthlink.net,3511161823
835,"Audrie O'Hogertie","36 Brentwood Hill",aohogertie9v@live.com,8761107068
842,"Temp Slaight","07 Warrior Court",tslaight5j@diigo.com,3755815013
845,"Skipper Gyrgorwicx","43 Carberry Parkway",sgyrgorwicxg@lycos.com,5012733025
847,"Kelcey Capelow","5964 Monument Circle",kcapelow1b@tumblr.com,8181832985
855,"Dewey Bransdon","1 Petterle Crossing",dbransdoncj@hp.com,2809809800
856,"Diahann Cogley","0894 Straubel Parkway",dcogley4l@tinyurl.com,8149596754
858,"Halley Shackesby","8 Scoville Point",hshackesby2p@google.ca,3717652444
862,"Myrna Kirgan","0905 Everett Pass",mkirgan78@sohu.com,3875257820
866,"Buckie Skews","4587 Washington Junction",bskewsdm@bloglovin.com,1617355547
867,"Brett Dummer","4738 Emmet Way",bdummer9j@blogspot.com,7409144414
868,"Theo Hehl","03 Village Green Place",thehl65@taobao.com,1771393679
869,"Cary Divine","57 Warrior Hill",cdivinea9@telegraph.co.uk,2998757398
870,"Jenny Durdy","2 Truax Hill",jdurdy2k@indiegogo.com,7313064189
871,"Spenser Pescott","125 Nevada Avenue",spescott93@facebook.com,4194973836
872,"Noami Bonnell","7976 Parkside Crossing",nbonnell9h@state.tx.us,4149339633
876,"Drusy Berrington","41 Norway Maple Alley",dberrington33@odnoklassniki.ru,5879574492
884,"Edsel L' Estrange","6 Onsgard Center",el8b@1und1.de,2919150588
886,"Wendel Wesley","1 Delladonna Hill",wwesleyal@ihg.com,9978176776
887,"Ambros Dunnan","766 Tomscot Way",adunnan26@ameblo.jp,9093327401
888,"Bendicty Samme","7 Mayfield Plaza",bsamme3j@miibeian.gov.cn,5557288720
889,"Dunstan Thomas","20940 Green Ridge Park",dthomas1c@amazonaws.com,6513839359
896,"Harmony Pavlenkov","52548 Fordem Point",hpavlenkov8t@shinystat.com,8412827853
903,"Howard Bowler","91650 Miller Place",hbowler53@ox.ac.uk,8837892865
905,"Horatia Vezey","38 Warbler Crossing",hvezey74@independent.co.uk,9502609347
908,"Ardyth Redman","65 Badeau Park",aredmand3@comcast.net,1076670687
909,"Tait Gosforth","11226 Sachtjen Point",tgosforth3a@squarespace.com,3591808919
911,"Druci Andrus","8080 Barby Circle",dandrusco@chron.com,1505880165
912,"Vicky Ghilardini","5 Clemons Road",vghilardini5x@delicious.com,1211848446
914,"Archer Escoffrey","2 Prairieview Junction",aescoffreyd1@google.cn,8167374575
915,"Millicent Pettendrich","0 Di Loreto Alley",mpettendrich79@reverbnation.com,6518731812
916,"Carmela Johananoff","0980 Jenna Court",cjohananoff6x@aol.com,6116351024
922,"Odelle Habercham","0 Gina Center",ohabercham71@mac.com,5186114722
924,"Shanie Bibey","541 Blaine Circle",sbibey3g@goo.ne.jp,6871849019
925,"Pietrek Truder","2 Aberg Alley",ptruder7b@vk.com,6786592277
926,"Corliss Brandino","362 Tennyson Parkway",cbrandino5v@ucla.edu,8085591570
933,"Verene Bottby","5 Bartelt Street",vbottby81@ask.com,7399920690
935,"Letizia Barnewell","3028 Carberry Parkway",lbarnewell3b@nifty.com,9109587530
937,"Ezri Liptrod","92448 Derek Alley",eliptrod82@timesonline.co.uk,3166824500
938,"Audrie MacGinlay","6835 Johnson Center",amacginlayp@dell.com,3279332154
942,"Bobbie Comelini","7885 1st Drive",bcomelini1e@wikispaces.com,5824826588
946,"Katlin Bour","22726 Express Hill",kbour8u@discovery.com,4524171004
950,"Toinette Tythe","659 Manley Junction",ttythe4m@auda.org.au,3123584040
952,"Franni Macieiczyk","007 Anhalt Crossing",fmacieiczykab@g.co,7195836863
954,"Hillyer Jenicek","3 Lyons Circle",hjenicek1s@indiatimes.com,2141883370
955,"Cameron Held","546 Graedel Avenue",cheld3x@amazon.com,4364220411
958,"Scotty Webermann","760 Eagle Crest Pass",swebermann4b@trellian.com,9262828879
960,"Joella Hansod","56 Morrow Pass",jhansod18@google.it,7705783776
961,"Isabel Mosdall","8 Kipling Street",imosdall6q@cocolog-nifty.com,1167417235
965,"Kelley Radmore","1 Oxford Hill",kradmore7i@blogger.com,5127364969
966,"Mignonne Alvis","358 Del Sol Park",malvisdj@redcross.org,1397002552
968,"Brett Etter","48 Macpherson Crossing",better62@kickstarter.com,4206610577
969,"Grenville McNickle","9 Knutson Center",gmcnickleak@live.com,5471302940
970,"Flora Deavall","2763 6th Place",fdeavall73@indiatimes.com,7861908704
971,"Julie Janisson","00 Luster Parkway",jjanissondo@foxnews.com,4919729162
972,"Lesley Baus","1948 Erie Way",lbaus4q@edublogs.org,9357239880
973,"Nanny Water","2941 Monument Park",nwaterdv@unesco.org,1864624432
974,"Tami Haggerstone","047 Nova Crossing",thaggerstone2b@yandex.ru,5567640059
975,"Hali Lacheze","4628 Colorado Hill",hlacheze80@shareasale.com,1008635706
976,"Prissie Janecki","589 Melody Circle",pjanecki3v@apple.com,9295452077
979,"Odilia Ansty","849 Claremont Plaza",oansty59@gravatar.com,4707227343
982,"Gardiner Proudlock","2 Sundown Alley",gproudlock91@plala.or.jp,6107808082
983,"Leeann Dewfall","80432 Pennsylvania Terrace",ldewfallbv@reference.com,4571869554
989,"Rianon Guage","96 Springview Junction",rguage60@virginia.edu,9338268052
993,"Mariquilla Roget","504 Oakridge Center",mrogetk@histats.com,7576594207
996,"Simone Akerman","86 Novick Road",sakermany@tiny.cc,1653364008
999,"Sonnie Mion","42 Swallow Alley",smion6a@example.com,9309092100
1000,Peter,"215 Sycamore Ave",Peter@gmail.com,123456789
1001,Peter,"1390 S Prospective Rd",PeterGriffin2@gmail.com,123654789
1002,Peter,"215 Sycamore Ave",PeterQuillakaStarlord@gmail.com,321456987
